{
  "total_tokens": 9896118,
  "unique_tokens": 451514,
  "dictionary_bytes_estimate": 51042184,
  "error_summary": {
    "1024": {
      "Count-Min": {
        "Frequent-100": {
          "mean": 0.36134115841810893,
          "median": 0.35661910243940154,
          "max": 1.0948203842940685
        },
        "Infrequent-100": {
          "mean": 4345.9,
          "median": 4145.0,
          "max": 7994.0
        },
        "Random-100": {
          "mean": 2867.8566282020993,
          "median": 3127.75,
          "max": 8559.0
        }
      },
      "Count-Median": {
        "Frequent-100": {
          "mean": 0.6291425594611204,
          "median": 0.577600467850831,
          "max": 1.514985590778098
        },
        "Infrequent-100": {
          "mean": 7305.5,
          "median": 7008.5,
          "max": 14606.0
        },
        "Random-100": {
          "mean": 4689.272382691414,
          "median": 4764.0,
          "max": 13448.0
        }
      },
      "Count-Sketch": {
        "Frequent-100": {
          "mean": 0.11406565338941825,
          "median": 0.07238830820300814,
          "max": 0.5116879391940341
        },
        "Infrequent-100": {
          "mean": 385.95,
          "median": 1.0,
          "max": 2899.0
        },
        "Random-100": {
          "mean": 354.9725220356498,
          "median": 1.0,
          "max": 7958.0
        }
      }
    },
    "16384": {
      "Count-Min": {
        "Frequent-100": {
          "mean": 0.00763594234544431,
          "median": 0.006704645554553323,
          "max": 0.022046109510086457
        },
        "Infrequent-100": {
          "mean": 99.54,
          "median": 79.0,
          "max": 524.0
        },
        "Random-100": {
          "mean": 52.63557948326277,
          "median": 46.0,
          "max": 192.0
        }
      },
      "Count-Median": {
        "Frequent-100": {
          "mean": 0.025001477565134416,
          "median": 0.015922254876258403,
          "max": 0.31262270470031184
        },
        "Infrequent-100": {
          "mean": 251.95,
          "median": 196.5,
          "max": 1309.0
        },
        "Random-100": {
          "mean": 136.8257612913228,
          "median": 109.5,
          "max": 835.0
        }
      },
      "Count-Sketch": {
        "Frequent-100": {
          "mean": 0.005757392202602912,
          "median": 0.002223547104862916,
          "max": 0.05614127569847127
        },
        "Infrequent-100": {
          "mean": 21.48,
          "median": 1.0,
          "max": 236.0
        },
        "Random-100": {
          "mean": 22.265377980641468,
          "median": 1.0,
          "max": 623.0
        }
      }
    },
    "262144": {
      "Count-Min": {
        "Frequent-100": {
          "mean": 3.3774566989619635e-05,
          "median": 0.0,
          "max": 0.00028855864954552014
        },
        "Infrequent-100": {
          "mean": 0.72,
          "median": 0.0,
          "max": 9.0
        },
        "Random-100": {
          "mean": 0.3537706492633773,
          "median": 0.0,
          "max": 3.0
        }
      },
      "Count-Median": {
        "Frequent-100": {
          "mean": 0.0003407809779917823,
          "median": 0.00026017979904812273,
          "max": 0.0023512814483893723
        },
        "Infrequent-100": {
          "mean": 4.54,
          "median": 3.0,
          "max": 37.0
        },
        "Random-100": {
          "mean": 2.241018868062306,
          "median": 1.5,
          "max": 12.0
        }
      },
      "Count-Sketch": {
        "Frequent-100": {
          "mean": 8.507186716472802e-05,
          "median": 4.1939913976930813e-05,
          "max": 0.00048567265662943174
        },
        "Infrequent-100": {
          "mean": 0.97,
          "median": 1.0,
          "max": 8.0
        },
        "Random-100": {
          "mean": 0.7393901420217209,
          "median": 0.41666666666666663,
          "max": 9.0
        }
      }
    }
  },
  "intersection_top100": {
    "Count-Min": {
      "1024": 88,
      "16384": 100,
      "262144": 100
    },
    "Count-Median": {
      "1024": 69,
      "16384": 100,
      "262144": 100
    },
    "Count-Sketch": {
      "1024": 93,
      "16384": 98,
      "262144": 100
    }
  },
  "parameters": {
    "rows_d": 5,
    "R_values": [
      1024,
      16384,
      262144
    ],
    "top_k": 500,
    "seed": 20251013,
    "dataset": "user-ct-test-collection-01.txt",
    "limit_rows": 0
  }
}