{
  "train_loss": [
    1.7251140380859376,
    1.2366081442260741,
    1.0126069925689698,
    0.8751529447555542,
    0.7787672374153137,
    0.6965078823471069,
    0.6226152792549133,
    0.5530540175437927,
    0.4901215631866455,
    0.4252124758338928
  ],
  "train_acc": [
    0.37502,
    0.55236,
    0.64166,
    0.69168,
    0.72812,
    0.75594,
    0.7829,
    0.80768,
    0.82932,
    0.85178
  ],
  "test_acc": [
    0.5036,
    0.5992,
    0.6664,
    0.6882,
    0.703,
    0.7203,
    0.7231,
    0.7378,
    0.7378,
    0.7427
  ]
}