{
  "conv1": {
    "mean": -0.17924867570400238,
    "std": 0.5514988899230957
  },
  "conv2": {
    "mean": -0.35648831725120544,
    "std": 0.5593190789222717
  },
  "conv3": {
    "mean": -0.39833369851112366,
    "std": 0.521217942237854
  },
  "fc1": {
    "mean": 0.0027929365169256926,
    "std": 0.6191028356552124
  },
  "fc2": {
    "mean": -0.015410445630550385,
    "std": 0.6260492205619812
  }
}