{
  "train_loss": [
    0.6317734423478445,
    0.20324251075585684,
    0.1388235906124115,
    0.1061327689409256,
    0.08405575231115023,
    0.07194980326692263,
    0.062168512896696726,
    0.05564688970545928,
    0.04944294926722845,
    0.042305669013162454
  ],
  "train_acc": [
    0.7937333333333333,
    0.9394166666666667,
    0.9587666666666667,
    0.9681666666666666,
    0.9746833333333333,
    0.9782166666666666,
    0.98105,
    0.98285,
    0.9849666666666667,
    0.9863333333333333
  ],
  "test_acc": [
    0.914,
    0.9448,
    0.9677,
    0.9715,
    0.967,
    0.9747,
    0.9776,
    0.9796,
    0.9814,
    0.9836
  ]
}