{
  "train_loss": [
    0.8120661096096039,
    0.33783067195415495,
    0.2553595802148183,
    0.2085068660100301,
    0.18171454474925994,
    0.16131077303091684,
    0.14849523333708445,
    0.13664261769652367,
    0.12516675337553024,
    0.11733667222658793
  ],
  "train_acc": [
    0.7343833333333334,
    0.9022333333333333,
    0.9260833333333334,
    0.9399,
    0.9475,
    0.9537666666666667,
    0.9570833333333333,
    0.9605833333333333,
    0.9641833333333333,
    0.9663166666666667
  ],
  "test_acc": [
    0.8846,
    0.9173,
    0.9343,
    0.9458,
    0.9579,
    0.9545,
    0.9562,
    0.9601,
    0.9667,
    0.9478
  ]
}