{
  "train_loss": [
    0.7329442659139633,
    0.20290380585193635,
    0.13118337339758873,
    0.09740077809492748,
    0.0781495993077755,
    0.06531998672087987,
    0.05431883092025916,
    0.0494382948756218,
    0.04283969141840935,
    0.03835068219179909
  ],
  "train_acc": [
    0.7574,
    0.9402,
    0.9613333333333334,
    0.9708666666666667,
    0.9766666666666667,
    0.9802666666666666,
    0.9842166666666666,
    0.9846833333333334,
    0.98695,
    0.988
  ],
  "test_acc": [
    0.9262,
    0.9585,
    0.9716,
    0.9742,
    0.9754,
    0.9759,
    0.981,
    0.9849,
    0.9873,
    0.9867
  ]
}