{
  "train_loss": [
    2.332913875579834
  ],
  "train_acc": [
    0.03125
  ],
  "test_acc": [
    0.140625
  ]
}