{
  "conv1": {
    "mean": -0.021714065223932266,
    "std": 0.3182235062122345
  },
  "conv2": {
    "mean": -0.052908673882484436,
    "std": 0.17179611325263977
  },
  "fc1": {
    "mean": -0.006262720562517643,
    "std": 0.10633337497711182
  },
  "fc2": {
    "mean": -0.005466345697641373,
    "std": 0.06809815019369125
  }
}