{
  "train_loss": [
    2.3097617225646974,
    2.2847778301239012,
    2.2672182655334474,
    2.2512993183135985,
    2.23295654296875,
    2.2124477577209474,
    2.1881777305603025,
    2.159634523391724,
    2.129130615234375,
    2.0950239219665527,
    2.0582783222198486,
    2.013264896392822,
    1.96247412109375,
    1.907214964866638,
    1.8408466787338258
  ],
  "train_acc": [
    0.0965,
    0.1445,
    0.1695,
    0.19,
    0.194,
    0.204,
    0.2135,
    0.23,
    0.237,
    0.2485,
    0.2665,
    0.2875,
    0.316,
    0.3415,
    0.3705
  ],
  "test_acc": [
    0.104,
    0.12,
    0.104,
    0.104,
    0.11,
    0.104,
    0.104,
    0.1,
    0.114,
    0.112,
    0.104,
    0.112,
    0.108,
    0.104,
    0.104
  ]
}